"","error","effect","subsistance","level","type","totErr"
"1",0.160839160839161,"peak","FP","language","all pred.",0.0974094188340557
"2",0.0837132200580191,"trough","FP","language","all pred.",0.0974094188340557
"3",0.301435406698565,"peak","HG","language","all pred.",0.0892477090157651
"4",0.0725540491022353,"trough","HG","language","all pred.",0.0892477090157651
"5",0.278008298755187,"peak","FP","family","all pred.",0.167040679583779
"6",0.147352832284339,"trough","FP","family","all pred.",0.167040679583779
"7",0.442857142857143,"peak","HG","family","all pred.",0.0929342749023099
"8",0.075091575091575,"trough","HG","family","all pred.",0.0929342749023099
